{"loss": [3.426877737045288], "accuracy": [0.12818877398967743], "val_loss": [3.2723350524902344], "val_accuracy": [0.1302083283662796]}