{"loss": [3.420832395553589], "accuracy": [0.12021683901548386], "val_loss": [3.272406578063965], "val_accuracy": [0.1497395783662796]}